feature,weight
control_of_corruption,0.1290864013873588
government_effectiveness,0.1300315293055671
political_stability_w,0.1145730541291086
rule_of_law,0.13296948762539762
voice_and_accountability,0.12244959570636846
regulatory_quality,0.1294215796623729
FSI_inverted,0.12697897848764697
FIW_inverted,0.11448937369617966
